<application>
  <component name="MaterialThemeConfig">
    <option name="contrastMode" value="true" />
    <option name="highContrast" value="true" />
    <option name="allowDataCollection" value="true" />
    <option name="darkTitleBar" value="true" />
    <option name="isContrastMode" value="true" />
    <option name="isHighContrast" value="true" />
    <option name="isWizardShown" value="true" />
    <option name="pristineConfig" value="false" />
    <option name="accentColor" value="00bcd4" />
    <option name="selectedTheme" value="LIGHTER" />
    <option name="userId" value="-40e2c23e:16ea0e31f41:-8000" />
    <option name="version" value="5.5.0" />
  </component>
</application>